{"cameraMode":{"drawMode":0,"name":"Shaded","section":"Shading Mode"},"sceneLighting":true,"audioPlay":false,"sceneViewState":{"showFog":false,"showMaterialUpdate":false,"showSkybox":false,"showFlares":false,"showImageEffects":false,"showParticleSystems":false},"in2DMode":false,"pivot":{"x":36.67298126220703,"y":-22.549434661865236,"z":-4.9715576171875},"rotation":{"x":0.15386900305747987,"y":0.2009437531232834,"z":-0.03197721391916275,"w":0.9669144153594971},"size":190.73101806640626,"orthographic":false}